{
  "batter": {
    "hr": {
      "bin_edges": [
        0.0594272208958479,
        0.0956254717620157,
        0.1426494836047247,
        Infinity
      ],
      "dispersions": [
        1.8271640315439144,
        1.3509902190549838,
        1.0,
        1.0
      ],
      "overall": 1.007532820440429
    },
    "hits": {
      "bin_edges": [
        0.7512695220208156,
        0.8715143901846428,
        0.9875792383410908,
        Infinity
      ],
      "dispersions": [
        1.0379203788197156,
        1.0,
        1.0,
        1.0
      ],
      "overall": 1.0
    },
    "tb": {
      "bin_edges": [
        1.1615188203374684,
        1.3812011648158566,
        1.6050638608198196,
        Infinity
      ],
      "dispersions": [
        2.444789181847207,
        2.261104689385519,
        1.820415525724932,
        1.8676659247178606
      ],
      "overall": 2.0638952183074926
    },
    "rbi": {
      "bin_edges": [
        0.3378867735908916,
        0.4368666913648016,
        0.5614677607793404,
        Infinity
      ],
      "dispersions": [
        1.9139751543670969,
        1.6118757298857729,
        1.5044073113344472,
        1.2248558134513163
      ],
      "overall": 1.532600445810614
    },
    "runs": {
      "bin_edges": [
        0.4145729016082099,
        0.4773884038818752,
        0.5537427653319585,
        Infinity
      ],
      "dispersions": [
        1.0,
        1.0115720858462547,
        1.0,
        1.0
      ],
      "overall": 1.0
    },
    "k": {
      "bin_edges": [
        0.7701187466805566,
        0.9015112937429436,
        1.039114785889549,
        Infinity
      ],
      "dispersions": [
        1.0,
        1.0,
        1.0,
        1.0
      ],
      "overall": 1.0
    },
    "bb": {
      "bin_edges": [
        0.2833983023863659,
        0.3543258596483944,
        0.4605145118214841,
        Infinity
      ],
      "dispersions": [
        1.350309382134459,
        1.0,
        1.0593325068204504,
        1.0
      ],
      "overall": 1.0
    }
  },
  "pitcher": {
    "pitcher_k": {
      "bin_edges": [
        4.15201255807201,
        4.4206586826347305,
        5.120185931507831,
        Infinity
      ],
      "dispersions": [
        1.2623310215161352,
        1.3161175483741465,
        1.138766399933601,
        1.0923019510794678
      ],
      "overall": 1.2092948546340418
    },
    "pitcher_outs": {
      "bin_edges": [
        13.5,
        15.53105210864834,
        Infinity
      ],
      "dispersions": [
        1.2832094052037903,
        1.1375928443736032,
        1.0
      ],
      "overall": 1.1288806818816992
    },
    "pitcher_er": {
      "bin_edges": [
        2.0750377232910613,
        2.305359633964028,
        2.5860317714144734,
        Infinity
      ],
      "dispersions": [
        1.3172388913321118,
        1.3676165850822768,
        1.5409856605193746,
        1.8242270912187786
      ],
      "overall": 1.6479860079304185
    },
    "pitcher_h": {
      "bin_edges": [
        3.858273057027851,
        4.2215384615384615,
        4.583148228439422,
        Infinity
      ],
      "dispersions": [
        1.4818914602614925,
        1.1155994010416528,
        1.1795731498990205,
        1.0677191274759459
      ],
      "overall": 1.1044857255575655
    },
    "pitcher_bb": {
      "bin_edges": [
        1.5384615384615388,
        1.7038671950285655,
        2.059248081412176,
        Infinity
      ],
      "dispersions": [
        1.1549882973415218,
        1.0670137630022098,
        1.0,
        1.0
      ],
      "overall": 1.0
    },
    "pitcher_hr": {
      "bin_edges": [
        0.4280329778159091,
        0.5490350690325418,
        0.7074207983506973,
        Infinity
      ],
      "dispersions": [
        1.859452304332309,
        1.2998143997378233,
        1.1449698964102581,
        1.0558872247117999
      ],
      "overall": 1.13736044400376
    }
  }
}