{
  "batter": {
    "hr": {
      "bin_edges": [
        0.0598968436680222,
        0.096143509277645,
        0.1424789562387799,
        Infinity
      ],
      "dispersions": [
        1.8552480000907985,
        1.2981326437524559,
        1.0,
        1.0
      ],
      "overall": 1.0064901767136818
    },
    "hits": {
      "bin_edges": [
        0.750657154228769,
        0.8705998985438518,
        0.9858183602029366,
        Infinity
      ],
      "dispersions": [
        1.0398584863095635,
        1.0,
        1.0,
        1.0
      ],
      "overall": 1.0
    },
    "tb": {
      "bin_edges": [
        1.160706493171142,
        1.3801327571072293,
        1.6041519535337168,
        Infinity
      ],
      "dispersions": [
        2.4103765813067923,
        2.235167887876371,
        1.8083674444077826,
        1.851395474175333
      ],
      "overall": 2.052878044589139
    },
    "rbi": {
      "bin_edges": [
        0.3380675931791922,
        0.4337365775925917,
        0.5554486410461259,
        Infinity
      ],
      "dispersions": [
        1.885788045084052,
        1.5654833714128908,
        1.6136848371338026,
        1.205943985879087
      ],
      "overall": 1.5386887596383727
    },
    "runs": {
      "bin_edges": [
        0.4148492382211957,
        0.4731859841037681,
        0.5451718543004035,
        Infinity
      ],
      "dispersions": [
        1.0,
        1.0,
        1.0,
        1.0
      ],
      "overall": 1.0
    },
    "k": {
      "bin_edges": [
        0.7758439957704033,
        0.9036922432953242,
        1.0374795786468505,
        Infinity
      ],
      "dispersions": [
        1.0,
        1.0,
        1.0,
        1.0
      ],
      "overall": 1.0
    },
    "bb": {
      "bin_edges": [
        0.2836174344208841,
        0.3529355305101188,
        0.4572111273982698,
        Infinity
      ],
      "dispersions": [
        1.3639564964985533,
        1.0,
        1.0638240172003735,
        1.0
      ],
      "overall": 1.0
    }
  },
  "pitcher": {
    "pitcher_k": {
      "bin_edges": [
        4.17385923028014,
        4.414346548347613,
        5.140035951061254,
        Infinity
      ],
      "dispersions": [
        1.2840034324963103,
        1.3381843592848672,
        1.1482589837763206,
        1.1068782779952917
      ],
      "overall": 1.2192251242926724
    },
    "pitcher_outs": {
      "bin_edges": [
        13.5,
        15.447301587301588,
        Infinity
      ],
      "dispersions": [
        1.3054236255780722,
        1.160791744141649,
        1.0
      ],
      "overall": 1.1428718424069233
    },
    "pitcher_er": {
      "bin_edges": [
        2.073151054729518,
        2.281872762044267,
        2.5214061577035247,
        Infinity
      ],
      "dispersions": [
        1.3249419943239014,
        1.297933195720444,
        1.645627488182466,
        1.8604896443495307
      ],
      "overall": 1.6528630887185107
    },
    "pitcher_h": {
      "bin_edges": [
        3.8567426655466215,
        4.2215384615384615,
        4.53692345349404,
        Infinity
      ],
      "dispersions": [
        1.5044410770386085,
        1.109370597396483,
        1.145019112783866,
        1.070240431451471
      ],
      "overall": 1.1035437989099437
    },
    "pitcher_bb": {
      "bin_edges": [
        1.5384615384615388,
        1.6909269907476885,
        2.0390277907368737,
        Infinity
      ],
      "dispersions": [
        1.1534835399167696,
        1.0562268834387265,
        1.0,
        1.0
      ],
      "overall": 1.0
    },
    "pitcher_hr": {
      "bin_edges": [
        0.4276178694521912,
        0.5464906638903552,
        0.7074207983506973,
        Infinity
      ],
      "dispersions": [
        1.9068989374066407,
        1.2944756185311905,
        1.099651160179141,
        1.0840502969536696
      ],
      "overall": 1.1592658512839236
    }
  }
}