{
  "batter": {
    "hr": {
      "bin_edges": [
        0.0595036012839086,
        0.0957399784447546,
        0.1424275390119076,
        Infinity
      ],
      "dispersions": [
        1.7995553643143958,
        1.3303592916389058,
        1.0,
        1.0
      ],
      "overall": 1.0075384347083858
    },
    "hits": {
      "bin_edges": [
        0.7509689278531431,
        0.8716130167012252,
        0.98827028871393,
        Infinity
      ],
      "dispersions": [
        1.0380606242112917,
        1.0,
        1.0,
        1.0
      ],
      "overall": 1.0
    },
    "tb": {
      "bin_edges": [
        1.1618048235340694,
        1.3794764786728653,
        1.6044069952289235,
        Infinity
      ],
      "dispersions": [
        2.4209525777172205,
        2.262277913440438,
        1.8153792722897915,
        1.8542696667788354
      ],
      "overall": 2.0581929787614697
    },
    "rbi": {
      "bin_edges": [
        0.3418300211765134,
        0.4428783576914292,
        0.5696745241111624,
        Infinity
      ],
      "dispersions": [
        1.8853101245419575,
        1.5253224399107832,
        1.5035673659030682,
        1.210035282000802
      ],
      "overall": 1.5325930580104172
    },
    "runs": {
      "bin_edges": [
        0.4191247332478676,
        0.4830553556103167,
        0.5646921887349785,
        Infinity
      ],
      "dispersions": [
        1.0,
        1.0,
        1.0,
        1.0
      ],
      "overall": 1.0
    },
    "k": {
      "bin_edges": [
        0.71224308671493,
        0.9120860108507156,
        1.1414250774718622,
        Infinity
      ],
      "dispersions": [
        1.0602286276600594,
        1.0,
        1.0,
        1.0
      ],
      "overall": 1.0
    },
    "bb": {
      "bin_edges": [
        0.282330108460687,
        0.3539340875686912,
        0.4601153095173353,
        Infinity
      ],
      "dispersions": [
        1.349777793534107,
        1.0,
        1.0559376504365383,
        1.0
      ],
      "overall": 1.0
    }
  },
  "pitcher": {
    "pitcher_k": {
      "bin_edges": [
        3.519145811572222,
        4.340444444444444,
        5.288691632759458,
        Infinity
      ],
      "dispersions": [
        1.5,
        1.5,
        1.5,
        1.5
      ],
      "overall": 1.5
    },
    "pitcher_outs": {
      "bin_edges": [
        12.0,
        13.129572649572651,
        15.30887537993921,
        Infinity
      ],
      "dispersions": [
        1.5,
        1.5,
        1.5,
        1.5
      ],
      "overall": 1.5
    },
    "pitcher_er": {
      "bin_edges": [
        1.9621926638664096,
        2.213812978030635,
        2.523240888204145,
        Infinity
      ],
      "dispersions": [
        1.591157875503236,
        1.5750574859570883,
        1.6531362843963164,
        1.6334649172597064
      ],
      "overall": 1.6422625070746222
    },
    "pitcher_h": {
      "bin_edges": [
        3.628248904837739,
        3.828535266974959,
        4.429767642740594,
        Infinity
      ],
      "dispersions": [
        1.5904942970749596,
        1.5,
        1.5,
        1.5
      ],
      "overall": 1.5
    },
    "pitcher_bb": {
      "bin_edges": [
        1.3675213675213678,
        1.6212154766788096,
        1.9985812877221685,
        Infinity
      ],
      "dispersions": [
        1.5,
        1.5,
        1.5,
        1.5
      ],
      "overall": 1.5
    },
    "pitcher_hr": {
      "bin_edges": [
        0.4023043152181849,
        0.5174049731876972,
        0.6661032233028409,
        Infinity
      ],
      "dispersions": [
        1.886119039257611,
        1.5,
        1.5,
        1.5
      ],
      "overall": 1.5
    }
  }
}