{
  "batter": {
    "hr": {
      "bin_edges": [
        0.0595036012839086,
        0.0957399784447546,
        0.1424275390119076,
        Infinity
      ],
      "dispersions": [
        1.7995553643143958,
        1.3303592916389058,
        1.0,
        1.0
      ],
      "overall": 1.0075384347083858
    },
    "hits": {
      "bin_edges": [
        0.7509689278531431,
        0.8716130167012252,
        0.98827028871393,
        Infinity
      ],
      "dispersions": [
        1.0380606242112917,
        1.0,
        1.0,
        1.0
      ],
      "overall": 1.0
    },
    "tb": {
      "bin_edges": [
        1.1618048235340694,
        1.3794764786728653,
        1.6044069952289235,
        Infinity
      ],
      "dispersions": [
        2.4209525777172205,
        2.262277913440438,
        1.8153792722897915,
        1.8542696667788354
      ],
      "overall": 2.0581929787614697
    },
    "rbi": {
      "bin_edges": [
        0.3418300211765134,
        0.4428783576914292,
        0.5696745241111624,
        Infinity
      ],
      "dispersions": [
        1.8853101245419575,
        1.5253224399107832,
        1.5035673659030682,
        1.210035282000802
      ],
      "overall": 1.5325930580104172
    },
    "runs": {
      "bin_edges": [
        0.4191247332478676,
        0.4830553556103167,
        0.5646921887349785,
        Infinity
      ],
      "dispersions": [
        1.0,
        1.0,
        1.0,
        1.0
      ],
      "overall": 1.0
    },
    "k": {
      "bin_edges": [
        0.7366886054218326,
        0.8973278745724383,
        1.065776611952931,
        Infinity
      ],
      "dispersions": [
        1.0108379610883225,
        1.0,
        1.0,
        1.0
      ],
      "overall": 1.0
    },
    "bb": {
      "bin_edges": [
        0.282330108460687,
        0.3539340875686912,
        0.4601153095173353,
        Infinity
      ],
      "dispersions": [
        1.349777793534107,
        1.0,
        1.0559376504365383,
        1.0
      ],
      "overall": 1.0
    }
  },
  "pitcher": {
    "pitcher_k": {
      "bin_edges": [
        3.9624553320176448,
        4.37685056808774,
        5.266345774949301,
        Infinity
      ],
      "dispersions": [
        1.5,
        1.5,
        1.5,
        1.5
      ],
      "overall": 1.5
    },
    "pitcher_outs": {
      "bin_edges": [
        13.5,
        13.514838709677422,
        15.609056983813083,
        Infinity
      ],
      "dispersions": [
        1.5,
        NaN,
        1.5,
        1.5
      ],
      "overall": 1.5
    },
    "pitcher_er": {
      "bin_edges": [
        2.125635206872724,
        2.3408138383638786,
        2.616033190172711,
        Infinity
      ],
      "dispersions": [
        1.5,
        1.5,
        1.7242703632929275,
        1.6079653956551416
      ],
      "overall": 1.6422625070746222
    },
    "pitcher_h": {
      "bin_edges": [
        3.8620813659186135,
        4.2215384615384615,
        4.5868828922368685,
        Infinity
      ],
      "dispersions": [
        1.5,
        1.5,
        1.5,
        1.5
      ],
      "overall": 1.5
    },
    "pitcher_bb": {
      "bin_edges": [
        1.5384615384615388,
        1.7038539553752532,
        2.059248081412176,
        Infinity
      ],
      "dispersions": [
        1.5,
        1.5,
        1.5,
        1.5
      ],
      "overall": 1.5
    },
    "pitcher_hr": {
      "bin_edges": [
        0.4280329778159091,
        0.5488467233993207,
        0.7066041561235272,
        Infinity
      ],
      "dispersions": [
        1.8509255768918467,
        1.5,
        1.5,
        1.5
      ],
      "overall": 1.5
    }
  }
}