{
  "batter": {
    "hr": {
      "bin_edges": [
        0.0452553357043215,
        0.0944403434623026,
        0.1330508423487335,
        Infinity
      ],
      "dispersions": [
        1.7995553643143958,
        1.3793908880011012,
        1.0288850905123939,
        1.0
      ],
      "overall": 1.0075384347083858
    },
    "hits": {
      "bin_edges": [
        0.711720447568786,
        0.8733235389224292,
        1.0668041401912334,
        Infinity
      ],
      "dispersions": [
        1.2806039668575824,
        1.0,
        1.0,
        1.0
      ],
      "overall": 1.0
    },
    "tb": {
      "bin_edges": [
        1.0517777267560804,
        1.393529404731363,
        1.7663307113803932,
        Infinity
      ],
      "dispersions": [
        2.90602061463663,
        2.35723850273818,
        1.7158043451138734,
        1.5469605603892345
      ],
      "overall": 2.0581929787614697
    },
    "rbi": {
      "bin_edges": [
        0.3127920619085095,
        0.4828635073074288,
        0.6130076203912433,
        Infinity
      ],
      "dispersions": [
        2.5321577451092216,
        1.565744136203486,
        1.3690021324825763,
        1.0
      ],
      "overall": 1.5325930580104172
    },
    "runs": {
      "bin_edges": [
        0.4058184209815966,
        0.4910522628039997,
        0.6104320765301705,
        Infinity
      ],
      "dispersions": [
        1.049862906768458,
        1.0,
        1.0,
        1.0
      ],
      "overall": 1.0
    },
    "k": {
      "bin_edges": [
        0.667596761481292,
        0.9877529414239564,
        1.2539448310113914,
        Infinity
      ],
      "dispersions": [
        1.1510539779558873,
        1.0,
        1.0,
        1.0
      ],
      "overall": 1.0
    },
    "bb": {
      "bin_edges": [
        0.2649385534962899,
        0.3316403489699938,
        0.4434760712946257,
        Infinity
      ],
      "dispersions": [
        1.658042268201388,
        1.0604305215569327,
        1.0492138252716838,
        1.0
      ],
      "overall": 1.0
    }
  },
  "pitcher": {
    "pitcher_k": {
      "bin_edges": [
        3.324977777777778,
        4.039684977396341,
        5.4588774739784505,
        Infinity
      ],
      "dispersions": [
        1.5568667673009953,
        1.5,
        1.5,
        1.5
      ],
      "overall": 1.5
    },
    "pitcher_outs": {
      "bin_edges": [
        11.23,
        12.62265557865558,
        15.177340033336602,
        Infinity
      ],
      "dispersions": [
        1.6005267294383836,
        1.5,
        1.5,
        1.5
      ],
      "overall": 1.5
    },
    "pitcher_er": {
      "bin_edges": [
        1.9162440060564747,
        2.06414389340919,
        2.429972266461243,
        Infinity
      ],
      "dispersions": [
        1.9789871252698077,
        1.6481252979483598,
        1.701166948719944,
        1.6383622593079659
      ],
      "overall": 1.6422625070746222
    },
    "pitcher_h": {
      "bin_edges": [
        3.188474671451321,
        3.720299710527271,
        4.495596959488845,
        Infinity
      ],
      "dispersions": [
        1.869611867402898,
        1.5,
        1.5,
        1.5
      ],
      "overall": 1.5
    },
    "pitcher_bb": {
      "bin_edges": [
        0.9102564102564104,
        1.238492302578111,
        1.9995743863166504,
        Infinity
      ],
      "dispersions": [
        2.332672347638178,
        1.5277641451633586,
        1.5,
        1.5
      ],
      "overall": 1.5
    },
    "pitcher_hr": {
      "bin_edges": [
        0.2991226671144751,
        0.5802214919563091,
        0.7055343890440842,
        Infinity
      ],
      "dispersions": [
        3.3678924291905603,
        1.8013133247569406,
        1.5,
        1.5
      ],
      "overall": 1.5
    }
  }
}