{
  "batter": {
    "hr": {
      "bin_edges": [
        0.0391489361702127,
        0.0938833570412517,
        0.1290322580645161,
        Infinity
      ],
      "dispersions": [
        1.8488789019404208,
        1.2558771077305682,
        1.043138044813787,
        1.0
      ],
      "overall": 1.0075384347083858
    },
    "hits": {
      "bin_edges": [
        0.6627318718381113,
        0.9044585987261148,
        1.0637254901960789,
        Infinity
      ],
      "dispersions": [
        1.314393750914569,
        1.0,
        1.0,
        1.0
      ],
      "overall": 1.0
    },
    "tb": {
      "bin_edges": [
        1.088114754098361,
        1.3782696177062377,
        2.0367647058823533,
        Infinity
      ],
      "dispersions": [
        2.9769105466114754,
        2.3366753903490696,
        1.566394837624013,
        1.4427779437711405
      ],
      "overall": 2.0581929787614697
    },
    "rbi": {
      "bin_edges": [
        0.2736842105263157,
        0.4501557632398754,
        0.5795586527293846,
        Infinity
      ],
      "dispersions": [
        3.1528801723038407,
        1.5083440074788306,
        1.3304863413753876,
        1.0
      ],
      "overall": 1.5325930580104172
    },
    "runs": {
      "bin_edges": [
        0.4267053701015965,
        0.471875,
        0.6806083650190115,
        Infinity
      ],
      "dispersions": [
        1.0602745396194257,
        1.0020923896132283,
        1.0,
        1.0
      ],
      "overall": 1.0
    },
    "k": {
      "bin_edges": [
        0.6671428571428571,
        1.0363636363636364,
        1.340974212034384,
        Infinity
      ],
      "dispersions": [
        1.2112149463179298,
        1.0,
        1.0,
        1.0
      ],
      "overall": 1.0
    },
    "bb": {
      "bin_edges": [
        0.2574850299401197,
        0.3220858895705521,
        0.4363449691991786,
        Infinity
      ],
      "dispersions": [
        1.7763792411702528,
        1.0946549519033768,
        1.0220091695126878,
        1.0
      ],
      "overall": 1.0
    }
  },
  "pitcher": {
    "pitcher_k": {
      "bin_edges": [
        3.257142857142857,
        4.483333333333333,
        5.418004933138055,
        Infinity
      ],
      "dispersions": [
        1.609376970813506,
        1.5,
        1.5,
        1.5
      ],
      "overall": 1.5
    },
    "pitcher_outs": {
      "bin_edges": [
        11.083333333333334,
        12.395348837209305,
        15.157894736842104,
        Infinity
      ],
      "dispersions": [
        1.5925116529038346,
        1.5,
        1.5,
        1.5
      ],
      "overall": 1.5
    },
    "pitcher_er": {
      "bin_edges": [
        1.8965517241379315,
        1.9999999999999996,
        2.3899999999999992,
        Infinity
      ],
      "dispersions": [
        2.1816361779405593,
        1.756952124006869,
        1.6244398119073993,
        1.6486947280467505
      ],
      "overall": 1.6422625070746222
    },
    "pitcher_h": {
      "bin_edges": [
        3.419354838709677,
        3.4285714285714284,
        4.293103448275862,
        Infinity
      ],
      "dispersions": [
        1.5694691115083472,
        1.5,
        1.5,
        1.5
      ],
      "overall": 1.5
    },
    "pitcher_bb": {
      "bin_edges": [
        0.8333333333333334,
        1.1454545454545455,
        1.8387096774193548,
        Infinity
      ],
      "dispersions": [
        2.649378806027973,
        1.526746806643873,
        1.5,
        1.5
      ],
      "overall": 1.5
    },
    "pitcher_hr": {
      "bin_edges": [
        0.2568807339449541,
        0.3163265306122449,
        0.717948717948718,
        Infinity
      ],
      "dispersions": [
        3.7937756589850773,
        2.1654273937959023,
        1.5,
        1.5
      ],
      "overall": 1.5
    }
  }
}