{
  "batter": {
    "hr": {
      "bin_edges": [
        0.0594849284798653,
        0.0956549450641696,
        0.1427480021151639,
        Infinity
      ],
      "dispersions": [
        1.8301969114420842,
        1.3529652228478495,
        1.0,
        1.0
      ],
      "overall": 1.0072975309777077
    },
    "hits": {
      "bin_edges": [
        0.7513348473733381,
        0.8716766761362456,
        0.9876175096879498,
        Infinity
      ],
      "dispersions": [
        1.0375456998658328,
        1.0,
        1.0,
        1.0
      ],
      "overall": 1.0
    },
    "tb": {
      "bin_edges": [
        1.1612434517701176,
        1.381290028870753,
        1.6057899860135976,
        Infinity
      ],
      "dispersions": [
        2.4478630637928447,
        2.2639793221526787,
        1.8215967105876882,
        1.8685753907898761
      ],
      "overall": 2.0648543935880124
    },
    "rbi": {
      "bin_edges": [
        0.3368073493341065,
        0.4366910087105726,
        0.5618358516288136,
        Infinity
      ],
      "dispersions": [
        1.9152042629858355,
        1.6255617725238611,
        1.4913594450940846,
        1.2222875118410468
      ],
      "overall": 1.5329590198333953
    },
    "runs": {
      "bin_edges": [
        0.4133393650146903,
        0.4773117781514719,
        0.5561143480234109,
        Infinity
      ],
      "dispersions": [
        1.0,
        1.0147931156092274,
        1.0,
        1.0
      ],
      "overall": 1.0
    },
    "k": {
      "bin_edges": [
        0.7699241047674334,
        0.9016787810921858,
        1.039578723385431,
        Infinity
      ],
      "dispersions": [
        1.0,
        1.0,
        1.0,
        1.0
      ],
      "overall": 1.0
    },
    "bb": {
      "bin_edges": [
        0.2833932853559772,
        0.354247973581563,
        0.4605794375200627,
        Infinity
      ],
      "dispersions": [
        1.365402579722771,
        1.0,
        1.0607076038994963,
        1.0
      ],
      "overall": 1.0
    }
  },
  "pitcher": {
    "pitcher_k": {
      "bin_edges": [
        4.153900783455913,
        4.421604938271604,
        5.156583744060375,
        Infinity
      ],
      "dispersions": [
        1.65,
        1.70,
        1.55,
        1.42
      ],
      "overall": 1.55
    },
    "pitcher_outs": {
      "bin_edges": [
        13.5,
        15.525385304659498,
        Infinity
      ],
      "dispersions": [
        1.279008151675539,
        1.138773334821181,
        1.0
      ],
      "overall": 1.1265991955735741
    },
    "pitcher_er": {
      "bin_edges": [
        2.073379735610996,
        2.302393948279379,
        2.597496686767844,
        Infinity
      ],
      "dispersions": [
        1.2932165085306986,
        1.397590820726825,
        1.516956186449565,
        1.8085211505349055
      ],
      "overall": 1.6472674112676489
    },
    "pitcher_h": {
      "bin_edges": [
        3.8620813659186135,
        4.2215384615384615,
        4.583148228439422,
        Infinity
      ],
      "dispersions": [
        1.4677286718943585,
        1.118515414453401,
        1.1679607112327013,
        1.0674954451224954
      ],
      "overall": 1.1013115338275845
    },
    "pitcher_bb": {
      "bin_edges": [
        1.5384615384615388,
        1.7038671950285655,
        2.0591975677515224,
        Infinity
      ],
      "dispersions": [
        1.1551480372533505,
        1.0712609106485562,
        1.0,
        1.0
      ],
      "overall": 1.0
    },
    "pitcher_hr": {
      "bin_edges": [
        0.4280329778159091,
        0.5490350690325418,
        0.7074207983506973,
        Infinity
      ],
      "dispersions": [
        1.8580704882064558,
        1.301796320124646,
        1.1470512586432,
        1.0556766817377579
      ],
      "overall": 1.1360533684305607
    }
  }
}