{
  "batter": {
    "hr": {
      "bin_edges": [
        0.0421256494510427,
        0.0941110921000744,
        0.1310131495485734,
        Infinity
      ],
      "dispersions": [
        1.799311581577583,
        1.372540913073684,
        1.0214223631717887,
        1.0
      ],
      "overall": 1.0048233897781726
    },
    "hits": {
      "bin_edges": [
        0.655486801977879,
        0.8837944535404254,
        1.036588812686952,
        Infinity
      ],
      "dispersions": [
        1.3353847035678021,
        1.0,
        1.0,
        1.0
      ],
      "overall": 1.0
    },
    "tb": {
      "bin_edges": [
        0.9880158821299712,
        1.2758909259759463,
        1.851371533129844,
        Infinity
      ],
      "dispersions": [
        3.1576722962319375,
        2.3524091548042456,
        1.7753668343125986,
        1.547019580305375
      ],
      "overall": 2.056683781004718
    },
    "rbi": {
      "bin_edges": [
        0.29282878311408,
        0.4484501732241248,
        0.6046998451063204,
        Infinity
      ],
      "dispersions": [
        3.034709353795593,
        1.5821174772597892,
        1.3189605365702073,
        1.0
      ],
      "overall": 1.5280526135439672
    },
    "runs": {
      "bin_edges": [
        0.3577840617119763,
        0.4621873401188819,
        0.5979161195010417,
        Infinity
      ],
      "dispersions": [
        1.2891590947977876,
        1.0978693336094767,
        1.0,
        1.0
      ],
      "overall": 1.0
    },
    "k": {
      "bin_edges": [
        0.660309791645267,
        0.9412239082482178,
        1.2831233616712685,
        Infinity
      ],
      "dispersions": [
        1.3411810279161893,
        1.0,
        1.0,
        1.0
      ],
      "overall": 1.0
    },
    "bb": {
      "bin_edges": [
        0.2610547516862391,
        0.3268728272555296,
        0.4401560235897853,
        Infinity
      ],
      "dispersions": [
        1.704484154105118,
        1.0712053474731982,
        1.0231026018058709,
        1.0
      ],
      "overall": 1.0
    }
  },
  "pitcher": {
    "pitcher_k": {
      "bin_edges": [
        3.256689091807529,
        3.943053707424787,
        5.414513140820018,
        Infinity
      ],
      "dispersions": [
        1.5532513773260117,
        1.5,
        1.5,
        1.5
      ],
      "overall": 1.5
    },
    "pitcher_outs": {
      "bin_edges": [
        11.177419354838712,
        12.739767740429505,
        15.512774160363923,
        Infinity
      ],
      "dispersions": [
        1.579642996860257,
        1.5,
        1.5388868812902399,
        1.5
      ],
      "overall": 1.5
    },
    "pitcher_er": {
      "bin_edges": [
        1.855411495313891,
        2.0308344005255448,
        2.666860543414143,
        Infinity
      ],
      "dispersions": [
        2.55044737121828,
        1.6007119772195297,
        1.7269285190362644,
        1.624433271601416
      ],
      "overall": 1.6416703704192648
    },
    "pitcher_h": {
      "bin_edges": [
        3.490681056415692,
        3.723281085586876,
        4.511739333314076,
        Infinity
      ],
      "dispersions": [
        1.904687288470012,
        1.5,
        1.5,
        1.5
      ],
      "overall": 1.5
    },
    "pitcher_bb": {
      "bin_edges": [
        0.9611137583424184,
        1.230804418897802,
        2.190832345402258,
        Infinity
      ],
      "dispersions": [
        2.053378634973218,
        1.7439839211105566,
        1.5,
        1.5
      ],
      "overall": 1.5
    },
    "pitcher_hr": {
      "bin_edges": [
        0.2214589720300028,
        0.3289320033623453,
        0.6789259801550159,
        Infinity
      ],
      "dispersions": [
        5.198753984391508,
        1.8586928452113107,
        1.5,
        1.5
      ],
      "overall": 1.5
    }
  }
}