{
  "batter": {
    "hr": {
      "bin_edges": [
        0.059500322638582,
        0.0957754131692417,
        0.1427840163825243,
        Infinity
      ],
      "dispersions": [
        1.8196980885308127,
        1.3687165547923639,
        1.0,
        1.0
      ],
      "overall": 1.007532820440429
    },
    "hits": {
      "bin_edges": [
        0.7512467372336795,
        0.8722389428257953,
        0.9886664286644123,
        Infinity
      ],
      "dispersions": [
        1.039838265749192,
        1.0,
        1.0,
        1.0
      ],
      "overall": 1.0
    },
    "tb": {
      "bin_edges": [
        1.162603229341043,
        1.3813786026975268,
        1.6061539300073415,
        Infinity
      ],
      "dispersions": [
        2.438710684602329,
        2.277380940154686,
        1.8083890531711457,
        1.8635424725691465
      ],
      "overall": 2.0638952183074926
    },
    "rbi": {
      "bin_edges": [
        0.3419917110780714,
        0.4428612293740711,
        0.5694322641048037,
        Infinity
      ],
      "dispersions": [
        1.9811498612222196,
        1.4885034799946335,
        1.5030155982958076,
        1.2111773240368338
      ],
      "overall": 1.532600445810614
    },
    "runs": {
      "bin_edges": [
        0.4195857869540755,
        0.4835340289512346,
        0.5634876479619257,
        Infinity
      ],
      "dispersions": [
        1.0,
        1.0,
        1.0,
        1.0
      ],
      "overall": 1.0
    },
    "k": {
      "bin_edges": [
        0.7714526800929604,
        0.9028719161041784,
        1.0394609752559352,
        Infinity
      ],
      "dispersions": [
        1.0,
        1.0,
        1.0,
        1.0
      ],
      "overall": 1.0
    },
    "bb": {
      "bin_edges": [
        0.2832940070497182,
        0.35433660560281,
        0.4608379270102658,
        Infinity
      ],
      "dispersions": [
        1.3720461365103125,
        1.0,
        1.0564007972387863,
        1.0
      ],
      "overall": 1.0
    }
  },
  "pitcher": {
    "pitcher_k": {
      "bin_edges": [
        4.15201255807201,
        4.4206586826347305,
        5.120185931507831,
        Infinity
      ],
      "dispersions": [
        1.5,
        1.5,
        1.5,
        1.5
      ],
      "overall": 1.5
    },
    "pitcher_outs": {
      "bin_edges": [
        13.5,
        15.53105210864834,
        Infinity
      ],
      "dispersions": [
        1.5,
        1.5,
        1.5
      ],
      "overall": 1.5
    },
    "pitcher_er": {
      "bin_edges": [
        2.1188331033299583,
        2.334866798359267,
        2.6234754962501863,
        Infinity
      ],
      "dispersions": [
        1.5,
        1.5,
        1.6935811694340077,
        1.6158187342318215
      ],
      "overall": 1.6479860079304185
    },
    "pitcher_h": {
      "bin_edges": [
        3.858273057027851,
        4.2215384615384615,
        4.583148228439422,
        Infinity
      ],
      "dispersions": [
        1.5,
        1.5,
        1.5,
        1.5
      ],
      "overall": 1.5
    },
    "pitcher_bb": {
      "bin_edges": [
        1.5384615384615388,
        1.7038671950285655,
        2.059248081412176,
        Infinity
      ],
      "dispersions": [
        1.5,
        1.5,
        1.5,
        1.5
      ],
      "overall": 1.5
    },
    "pitcher_hr": {
      "bin_edges": [
        0.4280329778159091,
        0.5490350690325418,
        0.7074207983506973,
        Infinity
      ],
      "dispersions": [
        1.859452304332309,
        1.5,
        1.5,
        1.5
      ],
      "overall": 1.5
    }
  }
}