{
  "moneyline": 0.05,
  "total": 0.1707985114062229,
  "run_line": 0.05,
  "prop_pitcher_outs": 0.149435601275269,
  "prop_pitcher_k": 0.23271470250314136,
  "prop_pitcher_h": 0.09901281904208446,
  "prop_pitcher_er": 0.09548608473992551,
  "prop_pitcher_bb": 0.11065084765864844,
  "prop_pitcher_hr": 0.10995425459370999,
  "prop_k": 0.1905206018419617,
  "prop_hr": 0.09583267194041996,
  "prop_tb": 0.09333496830285509,
  "prop_hits": 0.07595702731079539,
  "prop_bb": 0.13375858789002187,
  "prop_rbi": 0.08397737055928974,
  "prop_runs": 0.11373280381117246,
  "prop_sb": 0.25
}