{
  "moneyline": 0.05,
  "total": 0.22352879330227615,
  "run_line": 0.05,
  "prop_pitcher_outs": 0.15766544172133198,
  "prop_pitcher_k": 0.23494363937199356,
  "prop_pitcher_h": 0.11282446571734563,
  "prop_pitcher_er": 0.23570788863969833,
  "prop_pitcher_bb": 0.09262167638645308,
  "prop_pitcher_hr": 0.10715310508794963,
  "prop_k": 0.18757919373971088,
  "prop_hr": 0.09796648353940836,
  "prop_tb": 0.09804744355359421,
  "prop_hits": 0.07999150496286003,
  "prop_bb": 0.1312784319477256,
  "prop_rbi": 0.10166966479786538,
  "prop_runs": 0.14882718166737943,
  "prop_sb": 0.25
}