{
  "moneyline": 0.40740740740740744,
  "total": 0.31210757135644435,
  "run_line": 0.40740740740740744,
  "prop_pitcher_outs": 0.16877576865988506,
  "prop_pitcher_k": 0.2804318417875845,
  "prop_pitcher_h": 0.1609309063022267,
  "prop_pitcher_er": 0.23207280229526875,
  "prop_pitcher_bb": 0.06810401676841933,
  "prop_pitcher_hr": 0.12681230402949778,
  "prop_k": 0.1746639063485892,
  "prop_hr": 0.09776028079671818,
  "prop_tb": 0.10014079234824247,
  "prop_hits": 0.07909922287185928,
  "prop_bb": 0.12871997590729622,
  "prop_rbi": 0.10852879153431629,
  "prop_runs": 0.1577347421632476,
  "prop_sb": 0.25
}